target,source,flow,target_name,source_name
T1,S1,1226,"LOS ANGELES, CA",CANADA
T2,S1,1228,"PORTLAND, OR",CANADA
T3,S1,7726,"PHILADELPHIA, PA",CANADA
T4,S1,67843,"PORT HURON, MI",CANADA
T5,S1,48654,"SWEETGRASS, MT",CANADA
T6,S1,19350,"BLAINE, WA",CANADA
T7,S1,4096,"CHAMPL-RS PT, NY",CANADA
T8,S1,12387,"EASTPORT, ID",CANADA
T9,S1,46901,"INTER. FALLS,MN",CANADA
T10,S1,16924,"PORTAL, ND",CANADA
T11,S1,940,"JACKMAN, ME",CANADA
T12,S1,28707,"BUFF-NIAG FL, NY",CANADA
T1,S2,12801,"LOS ANGELES, CA",SAUDI ARABIA
T13,S1,13072,"DULUTH, MN",CANADA
T14,S3,15550,"MARTINEZ, CA",ECUADOR
T1,S3,14946,"LOS ANGELES, CA",ECUADOR
T15,S2,396,"ANACORTES, WA",SAUDI ARABIA
T16,S4,5215,"ANCHORAGE, AK",SOUTH KOREA
T14,S5,2986,"MARTINEZ, CA",COLOMBIA
T15,S1,39288,"ANACORTES, WA",CANADA
T1,S6,4524,"LOS ANGELES, CA",GHANA
T1,S5,4472,"LOS ANGELES, CA",COLOMBIA
T14,S2,3643,"MARTINEZ, CA",SAUDI ARABIA
T1,S7,1831,"LOS ANGELES, CA",ARGENTINA
T1,S8,1960,"LOS ANGELES, CA",EQUATORIAL GUINEA
T17,S1,206997,"PEORIA, IL",CANADA
T18,S1,68,"NORFOLK, VA",CANADA
T19,S1,41367,"PEMBINA, ND",CANADA
T20,S9,126,"BALTIMORE, MD",GERMANY
T21,S2,214,"SAN JUAN, PR",SAUDI ARABIA
T21,S5,2596,"SAN JUAN, PR",COLOMBIA
T22,S10,4005,"NEWARK, NJ",SPAIN
T21,S11,33,"SAN JUAN, PR",FRANCE
T21,S12,910,"SAN JUAN, PR",BELGIUM
T21,S13,189,"SAN JUAN, PR",UNITED KINGDOM
T23,S2,441,"PORT ARTHUR, TX",SAUDI ARABIA
T21,S14,38,"SAN JUAN, PR",NORWAY
T24,S15,4766,"HOUSTON, TX",INDIA
T22,S16,1994,"NEWARK, NJ",QATAR
T21,S17,245,"SAN JUAN, PR",KUWAIT
T22,S2,3410,"NEWARK, NJ",SAUDI ARABIA
T25,S2,841,"GRAMERCY, LA",SAUDI ARABIA
T26,S1,110,"ROOSVILLE, MT",CANADA
T27,S18,1615,"PONCE, PR",RUSSIA
T27,S19,2414,"PONCE, PR",LITHUANIA
T28,S10,156,"GUAYANILLA, PR",SPAIN
T20,S1,869,"BALTIMORE, MD",CANADA
T29,S10,139,"PROVIDENCE, RI",SPAIN
T30,S1,293341,"CHICAGO, IL",CANADA
T31,S1,22191,"TOLEDO-SANDUSKY, OH",CANADA
T32,S16,201,"JACKSONVILLE, FL",QATAR
T22,S20,11496,"NEWARK, NJ",BRAZIL
T33,S1,727,"CHARLESTON, SC",CANADA
T22,S15,20573,"NEWARK, NJ",INDIA
T24,S9,1902,"HOUSTON, TX",GERMANY
T34,S1,121375,"ST LOUIS, MO",CANADA
T22,S21,20552,"NEWARK, NJ",NIGERIA
T22,S22,637,"NEWARK, NJ",ANGOLA
T24,S18,27788,"HOUSTON, TX",RUSSIA
T35,S1,842,"SAVANNAH,GA",CANADA
T36,S7,2085,"BELLINGHAM, WA",ARGENTINA
T36,S1,14177,"BELLINGHAM, WA",CANADA
T37,S1,713,"PIEGAN, MT",CANADA
T16,S1,1887,"ANCHORAGE, AK",CANADA
T38,S1,2155,"NORTON, VT",CANADA
T22,S7,2523,"NEWARK, NJ",ARGENTINA
T39,S23,2634,"NEW HAVEN, CT",PORTUGAL
T22,S23,3198,"NEWARK, NJ",PORTUGAL
T40,S1,1973,"DETROIT, MI",CANADA
T41,S12,1282,"NEW ORLEANS, LA",BELGIUM
T41,S24,222,"NEW ORLEANS, LA",ITALY
T42,S1,50016,"DENVER, CO",CANADA
T23,S1,22095,"PORT ARTHUR, TX",CANADA
T43,S1,3816,"HIG-SPRG/ALB, VT",CANADA
T35,S18,38,"SAVANNAH,GA",RUSSIA
T1,S25,1478,"LOS ANGELES, CA",SINGAPORE
T1,S26,193,"LOS ANGELES, CA",CHILE
T44,S2,48424,"RICHMOND, CA",SAUDI ARABIA
T45,S2,14609,"EL SEGUNDO, CA",SAUDI ARABIA
T45,S3,16106,"EL SEGUNDO, CA",ECUADOR
T45,S5,20020,"EL SEGUNDO, CA",COLOMBIA
T44,S27,289,"RICHMOND, CA",MALAYSIA
T46,S28,28028,"MOBILE, AL",MEXICO
T44,S29,841,"RICHMOND, CA",JAPAN
T47,S30,9931,"PASCAGOULA, MS",VENEZUELA
T47,S24,420,"PASCAGOULA, MS",ITALY
T48,S11,291,"PERTH AMBOY, NJ",FRANCE
T44,S3,323,"RICHMOND, CA",ECUADOR
T44,S31,7404,"RICHMOND, CA",ALGERIA
T47,S20,6484,"PASCAGOULA, MS",BRAZIL
T45,S30,497,"EL SEGUNDO, CA",VENEZUELA
T46,S32,360,"MOBILE, AL",TRINIDAD AND TOBAGO
T49,S1,12,"ROSEAU, MN",CANADA
T50,S1,30,"WARROAD, MN",CANADA
T51,S1,50178,"TULSA, OK",CANADA
T52,S5,10019,"CORPUS CHRIS, TX",COLOMBIA
T52,S3,2033,"CORPUS CHRIS, TX",ECUADOR
T53,S13,8993,"BOSTON, MA",UNITED KINGDOM
T52,S30,2975,"CORPUS CHRIS, TX",VENEZUELA
T54,S30,7564,"LAKE CHARLES, LA",VENEZUELA
T55,S1,188,"DUNSEITH, ND",CANADA
T56,S4,12,"NEW YORK, NY",SOUTH KOREA
T56,S33,106,"NEW YORK, NY",CHINA
T32,S34,284,"JACKSONVILLE, FL",THE BAHAMAS
T35,S24,119,"SAVANNAH,GA",ITALY
T32,S30,277,"JACKSONVILLE, FL",VENEZUELA
T35,S30,166,"SAVANNAH,GA",VENEZUELA
T32,S24,245,"JACKSONVILLE, FL",ITALY
T57,S1,100,"SABINE, TX",CANADA
T58,S1,725,"DERBY LINE, VT",CANADA
T59,S1,4126,"SEARSPORT, ME",CANADA
T60,S1,1035,"KETCHIKAN, AK",CANADA
T61,S1,596,"NOYES, MN",CANADA
T62,S35,373,"KALAMA, WA",TAIWAN
T27,S14,77,"PONCE, PR",NORWAY
T27,S32,567,"PONCE, PR",TRINIDAD AND TOBAGO
T63,S1,11,"PORTHILL, ID",CANADA
T64,S1,518,"FORTUNA, ND",CANADA
T65,S29,1747,"HONOLU/PEARL, HA",JAPAN
T66,S20,9,"ATLANTA, GA",BRAZIL
T65,S4,5703,"HONOLU/PEARL, HA",SOUTH KOREA
T25,S20,6264,"GRAMERCY, LA",BRAZIL
T25,S13,7295,"GRAMERCY, LA",UNITED KINGDOM
T67,S11,533,"BATON ROUGE, LA",FRANCE
T41,S20,997,"NEW ORLEANS, LA",BRAZIL
T68,S1,13124,"GREAT FALLS, MT",CANADA
T24,S2,3717,"HOUSTON, TX",SAUDI ARABIA
T23,S18,8359,"PORT ARTHUR, TX",RUSSIA
T1,S11,594,"LOS ANGELES, CA",FRANCE
T24,S12,3001,"HOUSTON, TX",BELGIUM
T24,S14,2081,"HOUSTON, TX",NORWAY
T67,S36,642,"BATON ROUGE, LA",NETHERLANDS
T29,S1,12504,"PROVIDENCE, RI",CANADA
T53,S36,438,"BOSTON, MA",NETHERLANDS
T24,S37,9523,"HOUSTON, TX",IRAQ
T67,S14,1196,"BATON ROUGE, LA",NORWAY
T24,S28,76298,"HOUSTON, TX",MEXICO
T67,S1,3569,"BATON ROUGE, LA",CANADA
T67,S37,1707,"BATON ROUGE, LA",IRAQ
T67,S12,2293,"BATON ROUGE, LA",BELGIUM
T22,S11,6297,"NEWARK, NJ",FRANCE
T41,S11,29,"NEW ORLEANS, LA",FRANCE
T67,S18,10298,"BATON ROUGE, LA",RUSSIA
T67,S38,3172,"BATON ROUGE, LA",UNITED ARAB EMIRATES
T23,S5,3611,"PORT ARTHUR, TX",COLOMBIA
T25,S1,2373,"GRAMERCY, LA",CANADA
T67,S13,204,"BATON ROUGE, LA",UNITED KINGDOM
T24,S1,23785,"HOUSTON, TX",CANADA
T24,S13,2081,"HOUSTON, TX",UNITED KINGDOM
T24,S17,1603,"HOUSTON, TX",KUWAIT
T67,S31,5068,"BATON ROUGE, LA",ALGERIA
T25,S38,417,"GRAMERCY, LA",UNITED ARAB EMIRATES
T22,S39,1557,"NEWARK, NJ",PERU
T29,S36,3073,"PROVIDENCE, RI",NETHERLANDS
T22,S13,8195,"NEWARK, NJ",UNITED KINGDOM
T69,S1,16,"SHERWOOD, ND",CANADA
T70,S1,91215,"MINNEAPOLIS, MN",CANADA
T52,S37,16568,"CORPUS CHRIS, TX",IRAQ
T71,S1,290,"VAN BUREN, ME",CANADA
T72,S18,355,"CHRISTIANSTD, VI",RUSSIA
T3,S18,4237,"PHILADELPHIA, PA",RUSSIA
T27,S36,266,"PONCE, PR",NETHERLANDS
T72,S36,222,"CHRISTIANSTD, VI",NETHERLANDS
T72,S13,110,"CHRISTIANSTD, VI",UNITED KINGDOM
T27,S13,103,"PONCE, PR",UNITED KINGDOM
T27,S40,237,"PONCE, PR",LIBYA
T72,S11,401,"CHRISTIANSTD, VI",FRANCE
T3,S5,6110,"PHILADELPHIA, PA",COLOMBIA
T73,S5,226,"CHESTER, PA",COLOMBIA
T27,S20,953,"PONCE, PR",BRAZIL
T48,S10,5212,"PERTH AMBOY, NJ",SPAIN
T27,S7,1323,"PONCE, PR",ARGENTINA
T72,S31,1476,"CHRISTIANSTD, VI",ALGERIA
T72,S7,1239,"CHRISTIANSTD, VI",ARGENTINA
T74,S1,2290,"TACOMA, WA",CANADA
T75,S14,32,"HILO, HA",NORWAY
T76,S7,81,"NAWILIWV-POR, HA",ARGENTINA
T65,S14,42,"HONOLU/PEARL, HA",NORWAY
T76,S14,25,"NAWILIWV-POR, HA",NORWAY
T65,S7,1025,"HONOLU/PEARL, HA",ARGENTINA
T75,S7,74,"HILO, HA",ARGENTINA
T77,S30,206,"PAULSBORO, NJ",VENEZUELA
T78,S30,136,"MARCUS HOOK, PA",VENEZUELA
T48,S21,973,"PERTH AMBOY, NJ",NIGERIA
T48,S41,1346,"PERTH AMBOY, NJ",FINLAND
T1,S39,865,"LOS ANGELES, CA",PERU
T79,S36,128,"MIAMI, FL",NETHERLANDS
T80,S36,611,"PT EVERGLADE, FL",NETHERLANDS
T1,S28,7371,"LOS ANGELES, CA",MEXICO
T80,S34,321,"PT EVERGLADE, FL",THE BAHAMAS
T56,S1,1994,"NEW YORK, NY",CANADA
T22,S42,367,"NEWARK, NJ",INDONESIA
T81,S33,48,"BROWNSVILLE, TX",CHINA
T82,S30,31,"ALBANY, NY",VENEZUELA
T35,S11,108,"SAVANNAH,GA",FRANCE
T21,S1,2301,"SAN JUAN, PR",CANADA
T83,S1,777,"RAYMOND, MT",CANADA
T84,S1,362,"NECHE, ND",CANADA
T24,S5,31924,"HOUSTON, TX",COLOMBIA
T24,S30,2079,"HOUSTON, TX",VENEZUELA
T46,S5,1056,"MOBILE, AL",COLOMBIA
T1,S4,14370,"LOS ANGELES, CA",SOUTH KOREA
T85,S1,16367,"SUMAS, WA",CANADA
T56,S24,18,"NEW YORK, NY",ITALY
T24,S24,1903,"HOUSTON, TX",ITALY
T24,S11,708,"HOUSTON, TX",FRANCE
T56,S11,89,"NEW YORK, NY",FRANCE
T24,S7,1032,"HOUSTON, TX",ARGENTINA
T24,S27,36,"HOUSTON, TX",MALAYSIA
T86,S29,1359,"SANFRANCISCO, CA",JAPAN
T86,S33,101,"SANFRANCISCO, CA",CHINA
T87,S1,16869,"PORTLAND, ME",CANADA
T88,S1,4066,"CALAIS, ME",CANADA
T53,S1,25151,"BOSTON, MA",CANADA
T89,S1,1248,"BELFAST, ME",CANADA
T90,S1,3772,"PORTSMOUTH, NH",CANADA
T82,S1,251,"ALBANY, NY",CANADA
T91,S29,770,"APRA, GUAM",JAPAN
T46,S4,10,"MOBILE, AL",SOUTH KOREA
T92,S1,36,"RICHFORD, VT",CANADA
T48,S2,438,"PERTH AMBOY, NJ",SAUDI ARABIA
T48,S16,360,"PERTH AMBOY, NJ",QATAR
T52,S39,297,"CORPUS CHRIS, TX",PERU
T56,S15,1108,"NEW YORK, NY",INDIA
T22,S38,1705,"NEWARK, NJ",UNITED ARAB EMIRATES
T24,S20,6368,"HOUSTON, TX",BRAZIL
T39,S5,1093,"NEW HAVEN, CT",COLOMBIA
T22,S1,37916,"NEWARK, NJ",CANADA
T93,S2,11604,"TEXAS CITY, TX",SAUDI ARABIA
T94,S2,1058,"MORGAN CITY, LA",SAUDI ARABIA
T25,S39,1618,"GRAMERCY, LA",PERU
T93,S36,306,"TEXAS CITY, TX",NETHERLANDS
T93,S28,1374,"TEXAS CITY, TX",MEXICO
T94,S28,3374,"MORGAN CITY, LA",MEXICO
T93,S37,3829,"TEXAS CITY, TX",IRAQ
T94,S37,6818,"MORGAN CITY, LA",IRAQ
T93,S11,106,"TEXAS CITY, TX",FRANCE
T25,S12,1005,"GRAMERCY, LA",BELGIUM
T95,S13,225,"ST ROSE, LA",UNITED KINGDOM
T96,S33,289,"OAKLAND, CA",CHINA
T97,S33,36,"LONG BEACH, CA",CHINA
T73,S2,322,"CHESTER, PA",SAUDI ARABIA
T73,S18,5618,"CHESTER, PA",RUSSIA
T98,S18,12081,"WILMINGTON, DE",RUSSIA
T73,S21,7837,"CHESTER, PA",NIGERIA
T98,S21,6525,"WILMINGTON, DE",NIGERIA
T99,S36,235,"BEAUMONT, TX",NETHERLANDS
T99,S37,8453,"BEAUMONT, TX",IRAQ
T99,S5,489,"BEAUMONT, TX",COLOMBIA
T99,S43,1901,"BEAUMONT, TX",CHAD
T99,S1,7755,"BEAUMONT, TX",CANADA
T80,S44,813,"PT EVERGLADE, FL",TURKEY
T100,S1,743,"MASSENA, NY",CANADA
T44,S25,2075,"RICHMOND, CA",SINGAPORE
T101,S25,1258,"SELBY, CA",SINGAPORE
T97,S25,1027,"LONG BEACH, CA",SINGAPORE
T24,S45,742,"HOUSTON, TX",BAHRAIN
T48,S39,517,"PERTH AMBOY, NJ",PERU
T48,S20,3122,"PERTH AMBOY, NJ",BRAZIL
T18,S12,47,"NORFOLK, VA",BELGIUM
T22,S12,3788,"NEWARK, NJ",BELGIUM
T41,S7,1061,"NEW ORLEANS, LA",ARGENTINA
T65,S40,14059,"HONOLU/PEARL, HA",LIBYA
T3,S2,31277,"PHILADELPHIA, PA",SAUDI ARABIA
T98,S39,354,"WILMINGTON, DE",PERU
T3,S14,10056,"PHILADELPHIA, PA",NORWAY
T98,S14,4543,"WILMINGTON, DE",NORWAY
T98,S5,1570,"WILMINGTON, DE",COLOMBIA
T98,S1,4624,"WILMINGTON, DE",CANADA
T98,S30,90,"WILMINGTON, DE",VENEZUELA
T41,S30,1886,"NEW ORLEANS, LA",VENEZUELA
T102,S1,84,"ASHLAND, WI",CANADA
T24,S16,3125,"HOUSTON, TX",QATAR
T4,S16,4,"PORT HURON, MI",QATAR
T103,S1,112,"ALEX BAY, NY",CANADA
T41,S38,862,"NEW ORLEANS, LA",UNITED ARAB EMIRATES
T3,S21,1957,"PHILADELPHIA, PA",NIGERIA
T3,S46,4640,"PHILADELPHIA, PA",REPUBLIC OF THE CONGO
T3,S13,7275,"PHILADELPHIA, PA",UNITED KINGDOM
T54,S2,5823,"LAKE CHARLES, LA",SAUDI ARABIA
T86,S2,1787,"SANFRANCISCO, CA",SAUDI ARABIA
T22,S18,14951,"NEWARK, NJ",RUSSIA
T22,S31,3657,"NEWARK, NJ",ALGERIA
T54,S28,7282,"LAKE CHARLES, LA",MEXICO
T104,S28,17482,"FREEPORT, TX",MEXICO
T22,S40,1918,"NEWARK, NJ",LIBYA
T24,S4,4531,"HOUSTON, TX",SOUTH KOREA
T105,S4,50,"SANPABLO BAY, CA",SOUTH KOREA
T41,S4,1035,"NEW ORLEANS, LA",SOUTH KOREA
T1,S29,3736,"LOS ANGELES, CA",JAPAN
T1,S37,28800,"LOS ANGELES, CA",IRAQ
T22,S9,614,"NEWARK, NJ",GERMANY
T54,S18,7633,"LAKE CHARLES, LA",RUSSIA
T22,S47,3092,"NEWARK, NJ",EGYPT
T104,S5,2054,"FREEPORT, TX",COLOMBIA
T22,S30,2114,"NEWARK, NJ",VENEZUELA
T106,S1,4367,"DEL BONITA, MT",CANADA
T81,S28,5694,"BROWNSVILLE, TX",MEXICO
T21,S36,385,"SAN JUAN, PR",NETHERLANDS
T35,S10,287,"SAVANNAH,GA",SPAIN
T41,S10,60,"NEW ORLEANS, LA",SPAIN
T107,S1,407,"TROUT RIVER, NY",CANADA
T3,S42,513,"PHILADELPHIA, PA",INDONESIA
T90,S13,192,"PORTSMOUTH, NH",UNITED KINGDOM
T90,S48,191,"PORTSMOUTH, NH",SWEDEN
T33,S49,11,"CHARLESTON, SC",SOUTH AFRICA
T33,S13,103,"CHARLESTON, SC",UNITED KINGDOM
T14,S18,3373,"MARTINEZ, CA",RUSSIA
T14,S1,1742,"MARTINEZ, CA",CANADA
T41,S14,2100,"NEW ORLEANS, LA",NORWAY
T41,S50,809,"NEW ORLEANS, LA",KAZAKHSTAN
T14,S20,3121,"MARTINEZ, CA",BRAZIL
T14,S32,2077,"MARTINEZ, CA",TRINIDAD AND TOBAGO
T24,S36,3063,"HOUSTON, TX",NETHERLANDS
T108,S36,59,"WILMINGTON, NC",NETHERLANDS
T39,S36,4364,"NEW HAVEN, CT",NETHERLANDS
T87,S36,616,"PORTLAND, ME",NETHERLANDS
T25,S51,136,"GRAMERCY, LA",BELIZE
T22,S34,639,"NEWARK, NJ",THE BAHAMAS
T65,S25,1176,"HONOLU/PEARL, HA",SINGAPORE
T24,S42,762,"HOUSTON, TX",INDONESIA
T109,S1,55,"FAIRBANKS, AK",CANADA
T110,S1,3,"FRESNO, CA",CANADA
T111,S1,48,"SALT LK CTY, UT",CANADA
T24,S29,698,"HOUSTON, TX",JAPAN
T112,S1,5426,"NATRONA APRT, WY",CANADA
T30,S48,15,"CHICAGO, IL",SWEDEN
T28,S14,52,"GUAYANILLA, PR",NORWAY
T41,S13,717,"NEW ORLEANS, LA",UNITED KINGDOM
T23,S28,37793,"PORT ARTHUR, TX",MEXICO
T21,S52,184,"SAN JUAN, PR",BELARUS
T21,S18,4538,"SAN JUAN, PR",RUSSIA
T27,S52,4,"PONCE, PR",BELARUS
T27,S16,37,"PONCE, PR",QATAR
T21,S16,377,"SAN JUAN, PR",QATAR
T21,S19,1517,"SAN JUAN, PR",LITHUANIA
T21,S41,70,"SAN JUAN, PR",FINLAND
T21,S53,22,"SAN JUAN, PR",ESTONIA
T21,S54,26,"SAN JUAN, PR",DENMARK
T27,S54,25,"PONCE, PR",DENMARK
T94,S30,293,"MORGAN CITY, LA",VENEZUELA
T113,S1,35,"MADAWASKA, ME",CANADA
T114,S1,405,"SAULT ST-MAR, MI",CANADA
T115,S1,415,"GREEN BAY, WI",CANADA
T116,S2,1554,"CARQUINEZ ST, CA",SAUDI ARABIA
T80,S2,164,"PT EVERGLADE, FL",SAUDI ARABIA
T52,S18,3809,"CORPUS CHRIS, TX",RUSSIA
T25,S18,25437,"GRAMERCY, LA",RUSSIA
T23,S36,370,"PORT ARTHUR, TX",NETHERLANDS
T52,S36,35,"CORPUS CHRIS, TX",NETHERLANDS
T116,S28,1550,"CARQUINEZ ST, CA",MEXICO
T52,S28,9888,"CORPUS CHRIS, TX",MEXICO
T52,S40,205,"CORPUS CHRIS, TX",LIBYA
T25,S50,562,"GRAMERCY, LA",KAZAKHSTAN
T80,S17,101,"PT EVERGLADE, FL",KUWAIT
T116,S29,193,"CARQUINEZ ST, CA",JAPAN
T116,S37,8119,"CARQUINEZ ST, CA",IRAQ
T80,S15,174,"PT EVERGLADE, FL",INDIA
T39,S15,1463,"NEW HAVEN, CT",INDIA
T25,S15,258,"GRAMERCY, LA",INDIA
T23,S9,343,"PORT ARTHUR, TX",GERMANY
T52,S9,33,"CORPUS CHRIS, TX",GERMANY
T116,S3,9265,"CARQUINEZ ST, CA",ECUADOR
T116,S5,1902,"CARQUINEZ ST, CA",COLOMBIA
T25,S31,5971,"GRAMERCY, LA",ALGERIA
T23,S12,1108,"PORT ARTHUR, TX",BELGIUM
T23,S30,3223,"PORT ARTHUR, TX",VENEZUELA
T25,S30,1424,"GRAMERCY, LA",VENEZUELA
T116,S13,604,"CARQUINEZ ST, CA",UNITED KINGDOM
T52,S55,198,"CORPUS CHRIS, TX",TURKMENISTAN
T117,S1,603,"OGDENSBURG, NY",CANADA
T118,S1,58,"FORT KENT, ME",CANADA
T119,S2,264,"PT CANAVERAL, FL",SAUDI ARABIA
T119,S21,199,"PT CANAVERAL, FL",NIGERIA
T119,S50,121,"PT CANAVERAL, FL",KAZAKHSTAN
T119,S15,439,"PT CANAVERAL, FL",INDIA
T119,S5,2071,"PT CANAVERAL, FL",COLOMBIA
T119,S33,345,"PT CANAVERAL, FL",CHINA
T119,S1,997,"PT CANAVERAL, FL",CANADA
T119,S30,314,"PT CANAVERAL, FL",VENEZUELA
T120,S28,6,"GALVESTON, TX",MEXICO
T120,S37,18,"GALVESTON, TX",IRAQ
T120,S1,6,"GALVESTON, TX",CANADA
T35,S5,480,"SAVANNAH,GA",COLOMBIA
T35,S28,87,"SAVANNAH,GA",MEXICO
T121,S12,1,"RCHMD-PETERS, VA",BELGIUM
T122,S38,118,"TAMPA, FL",UNITED ARAB EMIRATES
T1,S20,3859,"LOS ANGELES, CA",BRAZIL
T1,S56,6821,"LOS ANGELES, CA",BRUNEI
T98,S36,489,"WILMINGTON, DE",NETHERLANDS
T3,S36,273,"PHILADELPHIA, PA",NETHERLANDS
T20,S36,922,"BALTIMORE, MD",NETHERLANDS
T22,S5,4992,"NEWARK, NJ",COLOMBIA
T21,S38,262,"SAN JUAN, PR",UNITED ARAB EMIRATES
T28,S1,33,"GUAYANILLA, PR",CANADA
T22,S41,6728,"NEWARK, NJ",FINLAND
T86,S1,794,"SANFRANCISCO, CA",CANADA
T33,S21,55,"CHARLESTON, SC",NIGERIA
T22,S26,346,"NEWARK, NJ",CHILE
T24,S23,762,"HOUSTON, TX",PORTUGAL
T80,S1,795,"PT EVERGLADE, FL",CANADA
T32,S21,121,"JACKSONVILLE, FL",NIGERIA
T24,S54,370,"HOUSTON, TX",DENMARK
T45,S4,1284,"EL SEGUNDO, CA",SOUTH KOREA
T45,S28,4622,"EL SEGUNDO, CA",MEXICO
T47,S12,6894,"PASCAGOULA, MS",BELGIUM
T54,S5,7474,"LAKE CHARLES, LA",COLOMBIA
T35,S20,111,"SAVANNAH,GA",BRAZIL
T32,S20,196,"JACKSONVILLE, FL",BRAZIL
T27,S8,650,"PONCE, PR",EQUATORIAL GUINEA
T1,S35,409,"LOS ANGELES, CA",TAIWAN
T67,S24,95,"BATON ROUGE, LA",ITALY
T67,S48,320,"BATON ROUGE, LA",SWEDEN
T25,S17,224,"GRAMERCY, LA",KUWAIT
T67,S17,2238,"BATON ROUGE, LA",KUWAIT
T41,S9,105,"NEW ORLEANS, LA",GERMANY
T23,S37,479,"PORT ARTHUR, TX",IRAQ
T24,S3,2535,"HOUSTON, TX",ECUADOR
T72,S48,685,"CHRISTIANSTD, VI",SWEDEN
T72,S1,35,"CHRISTIANSTD, VI",CANADA
T48,S15,1026,"PERTH AMBOY, NJ",INDIA
T72,S57,38,"CHRISTIANSTD, VI",POLAND
T72,S54,140,"CHRISTIANSTD, VI",DENMARK
T123,S14,18,"KAHULUI, HA",NORWAY
T48,S36,1198,"PERTH AMBOY, NJ",NETHERLANDS
T56,S5,770,"NEW YORK, NY",COLOMBIA
T32,S5,2826,"JACKSONVILLE, FL",COLOMBIA
T80,S5,314,"PT EVERGLADE, FL",COLOMBIA
T81,S27,38,"BROWNSVILLE, TX",MALAYSIA
T22,S29,1702,"NEWARK, NJ",JAPAN
T22,S33,282,"NEWARK, NJ",CHINA
T24,S10,1569,"HOUSTON, TX",SPAIN
T21,S20,237,"SAN JUAN, PR",BRAZIL
T33,S25,2,"CHARLESTON, SC",SINGAPORE
T56,S9,45,"NEW YORK, NY",GERMANY
T41,S25,258,"NEW ORLEANS, LA",SINGAPORE
T124,S1,6,"SUPERIOR, WI",CANADA
T52,S20,431,"CORPUS CHRIS, TX",BRAZIL
T104,S4,80,"FREEPORT, TX",SOUTH KOREA
T67,S4,1223,"BATON ROUGE, LA",SOUTH KOREA
T67,S29,779,"BATON ROUGE, LA",JAPAN
T104,S29,56,"FREEPORT, TX",JAPAN
T24,S58,247,"HOUSTON, TX",BULGARIA
T93,S59,2204,"TEXAS CITY, TX",GUATEMALA
T94,S5,891,"MORGAN CITY, LA",COLOMBIA
T20,S10,335,"BALTIMORE, MD",SPAIN
T73,S50,1052,"CHESTER, PA",KAZAKHSTAN
T98,S50,7790,"WILMINGTON, DE",KAZAKHSTAN
T73,S1,450,"CHESTER, PA",CANADA
T120,S2,367,"GALVESTON, TX",SAUDI ARABIA
T99,S2,29707,"BEAUMONT, TX",SAUDI ARABIA
T86,S25,874,"SANFRANCISCO, CA",SINGAPORE
T22,S48,637,"NEWARK, NJ",SWEDEN
T65,S60,1204,"HONOLU/PEARL, HA",SOUTH SUDAN
T65,S18,8385,"HONOLU/PEARL, HA",RUSSIA
T41,S28,7850,"NEW ORLEANS, LA",MEXICO
T24,S61,6,"HOUSTON, TX",SWITZERLAND
T3,S31,4125,"PHILADELPHIA, PA",ALGERIA
T35,S4,170,"SAVANNAH,GA",SOUTH KOREA
T1,S15,289,"LOS ANGELES, CA",INDIA
T86,S20,1530,"SANFRANCISCO, CA",BRAZIL
T22,S62,380,"NEWARK, NJ",IRELAND
T22,S63,503,"NEWARK, NJ",CAMEROON
T125,S1,44,"DETOUR, MI",CANADA
T90,S14,192,"PORTSMOUTH, NH",NORWAY
T67,S2,628,"BATON ROUGE, LA",SAUDI ARABIA
T41,S16,250,"NEW ORLEANS, LA",QATAR
T24,S39,724,"HOUSTON, TX",PERU
T22,S36,6833,"NEWARK, NJ",NETHERLANDS
T1,S36,2501,"LOS ANGELES, CA",NETHERLANDS
T39,S1,4456,"NEW HAVEN, CT",CANADA
T65,S64,490,"HONOLU/PEARL, HA",MARSHALL ISLANDS
T65,S65,1204,"HONOLU/PEARL, HA",PANAMA
T18,S36,126,"NORFOLK, VA",NETHERLANDS
T126,S1,3,"RENO, NV",CANADA
T28,S8,397,"GUAYANILLA, PR",EQUATORIAL GUINEA
T24,S44,2027,"HOUSTON, TX",TURKEY
T127,S1,326,"SEATTLE, WA",CANADA
T21,S25,14,"SAN JUAN, PR",SINGAPORE
T27,S25,4,"PONCE, PR",SINGAPORE
T27,S38,41,"PONCE, PR",UNITED ARAB EMIRATES
T27,S4,6,"PONCE, PR",SOUTH KOREA
T21,S4,297,"SAN JUAN, PR",SOUTH KOREA
T21,S15,1030,"SAN JUAN, PR",INDIA
T94,S7,1024,"MORGAN CITY, LA",ARGENTINA
T48,S1,1858,"PERTH AMBOY, NJ",CANADA
T48,S13,893,"PERTH AMBOY, NJ",UNITED KINGDOM
T116,S1,1002,"CARQUINEZ ST, CA",CANADA
T116,S17,8301,"CARQUINEZ ST, CA",KUWAIT
T80,S4,1154,"PT EVERGLADE, FL",SOUTH KOREA
T122,S4,1048,"TAMPA, FL",SOUTH KOREA
T52,S24,549,"CORPUS CHRIS, TX",ITALY
T25,S24,401,"GRAMERCY, LA",ITALY
T52,S38,1818,"CORPUS CHRIS, TX",UNITED ARAB EMIRATES
T93,S5,1857,"TEXAS CITY, TX",COLOMBIA
T25,S46,173,"GRAMERCY, LA",REPUBLIC OF THE CONGO
T119,S10,210,"PT CANAVERAL, FL",SPAIN
T22,S66,69,"NEWARK, NJ",LATVIA
T22,S4,1012,"NEWARK, NJ",SOUTH KOREA
T119,S4,4060,"PT CANAVERAL, FL",SOUTH KOREA
T33,S28,39,"CHARLESTON, SC",MEXICO
T3,S48,303,"PHILADELPHIA, PA",SWEDEN
T33,S5,598,"CHARLESTON, SC",COLOMBIA
T33,S30,21,"CHARLESTON, SC",VENEZUELA
T121,S1,1,"RCHMD-PETERS, VA",CANADA
T14,S7,1862,"MARTINEZ, CA",ARGENTINA
T14,S56,2055,"MARTINEZ, CA",BRUNEI
T35,S9,230,"SAVANNAH,GA",GERMANY
T39,S9,157,"NEW HAVEN, CT",GERMANY
T108,S9,76,"WILMINGTON, NC",GERMANY
T98,S48,23,"WILMINGTON, DE",SWEDEN
T21,S9,26,"SAN JUAN, PR",GERMANY
T3,S11,145,"PHILADELPHIA, PA",FRANCE
T98,S11,276,"WILMINGTON, DE",FRANCE
T108,S10,140,"WILMINGTON, NC",SPAIN
T52,S23,137,"CORPUS CHRIS, TX",PORTUGAL
T36,S5,600,"BELLINGHAM, WA",COLOMBIA
T22,S24,2489,"NEWARK, NJ",ITALY
T24,S67,284,"HOUSTON, TX",IVORY COAST
T44,S37,11551,"RICHMOND, CA",IRAQ
T44,S68,109,"RICHMOND, CA",THAILAND
T47,S5,5501,"PASCAGOULA, MS",COLOMBIA
T47,S18,3495,"PASCAGOULA, MS",RUSSIA
T45,S37,3061,"EL SEGUNDO, CA",IRAQ
T45,S67,158,"EL SEGUNDO, CA",IVORY COAST
T44,S69,202,"RICHMOND, CA",AUSTRALIA
T44,S5,342,"RICHMOND, CA",COLOMBIA
T45,S1,201,"EL SEGUNDO, CA",CANADA
T54,S20,5067,"LAKE CHARLES, LA",BRAZIL
T54,S32,2046,"LAKE CHARLES, LA",TRINIDAD AND TOBAGO
T54,S47,1002,"LAKE CHARLES, LA",EGYPT
T94,S1,1004,"MORGAN CITY, LA",CANADA
T41,S31,400,"NEW ORLEANS, LA",ALGERIA
T72,S23,63,"CHRISTIANSTD, VI",PORTUGAL
T27,S67,28,"PONCE, PR",IVORY COAST
T48,S18,3738,"PERTH AMBOY, NJ",RUSSIA
T73,S22,150,"CHESTER, PA",ANGOLA
T3,S22,50,"PHILADELPHIA, PA",ANGOLA
T3,S10,1503,"PHILADELPHIA, PA",SPAIN
T27,S1,190,"PONCE, PR",CANADA
T123,S7,70,"KAHULUI, HA",ARGENTINA
T48,S14,356,"PERTH AMBOY, NJ",NORWAY
T48,S24,247,"PERTH AMBOY, NJ",ITALY
T79,S34,241,"MIAMI, FL",THE BAHAMAS
T81,S29,16,"BROWNSVILLE, TX",JAPAN
T65,S27,256,"HONOLU/PEARL, HA",MALAYSIA
T20,S11,13,"BALTIMORE, MD",FRANCE
T128,S27,1,"SAN JOAQUIN, CA",MALAYSIA
T3,S70,86,"PHILADELPHIA, PA",GREECE
T108,S1,168,"WILMINGTON, NC",CANADA
T77,S1,652,"PAULSBORO, NJ",CANADA
T129,S1,199,"BRIDGEPORT, CT",CANADA
T67,S20,161,"BATON ROUGE, LA",BRAZIL
T95,S18,795,"ST ROSE, LA",RUSSIA
T130,S1,60,"JUNEAU, AK",CANADA
T99,S32,521,"BEAUMONT, TX",TRINIDAD AND TOBAGO
T80,S24,26,"PT EVERGLADE, FL",ITALY
T80,S30,21,"PT EVERGLADE, FL",VENEZUELA
T24,S41,665,"HOUSTON, TX",FINLAND
T41,S32,1577,"NEW ORLEANS, LA",TRINIDAD AND TOBAGO
T98,S10,845,"WILMINGTON, DE",SPAIN
T41,S5,5644,"NEW ORLEANS, LA",COLOMBIA
T3,S54,4411,"PHILADELPHIA, PA",DENMARK
T3,S20,636,"PHILADELPHIA, PA",BRAZIL
T104,S13,1160,"FREEPORT, TX",UNITED KINGDOM
T105,S18,423,"SANPABLO BAY, CA",RUSSIA
T94,S21,1561,"MORGAN CITY, LA",NIGERIA
T86,S3,402,"SANFRANCISCO, CA",ECUADOR
T97,S20,226,"LONG BEACH, CA",BRAZIL
T101,S20,997,"SELBY, CA",BRAZIL
T22,S14,6777,"NEWARK, NJ",NORWAY
T24,S25,315,"HOUSTON, TX",SINGAPORE
T81,S16,194,"BROWNSVILLE, TX",QATAR
T15,S29,559,"ANACORTES, WA",JAPAN
T131,S1,7,"ASTORIA, OR",CANADA
T132,S1,1,"DALTON CACHE, AK",CANADA
T28,S32,157,"GUAYANILLA, PR",TRINIDAD AND TOBAGO
T21,S48,29,"SAN JUAN, PR",SWEDEN
T23,S20,1180,"PORT ARTHUR, TX",BRAZIL
T116,S38,88,"CARQUINEZ ST, CA",UNITED ARAB EMIRATES
T24,S48,528,"HOUSTON, TX",SWEDEN
T122,S2,190,"TAMPA, FL",SAUDI ARABIA
T41,S1,692,"NEW ORLEANS, LA",CANADA
T116,S18,2494,"CARQUINEZ ST, CA",RUSSIA
T1,S13,1427,"LOS ANGELES, CA",UNITED KINGDOM
T116,S39,608,"CARQUINEZ ST, CA",PERU
T41,S17,1272,"NEW ORLEANS, LA",KUWAIT
T116,S4,123,"CARQUINEZ ST, CA",SOUTH KOREA
T52,S47,9586,"CORPUS CHRIS, TX",EGYPT
T133,S1,6,"FT FAIRFIELD, ME",CANADA
T119,S13,578,"PT CANAVERAL, FL",UNITED KINGDOM
T80,S13,4,"PT EVERGLADE, FL",UNITED KINGDOM
T80,S48,100,"PT EVERGLADE, FL",SWEDEN
T119,S48,81,"PT CANAVERAL, FL",SWEDEN
T80,S18,79,"PT EVERGLADE, FL",RUSSIA
T119,S18,992,"PT CANAVERAL, FL",RUSSIA
T119,S23,560,"PT CANAVERAL, FL",PORTUGAL
T119,S14,194,"PT CANAVERAL, FL",NORWAY
T119,S36,1114,"PT CANAVERAL, FL",NETHERLANDS
T80,S12,29,"PT EVERGLADE, FL",BELGIUM
T119,S11,50,"PT CANAVERAL, FL",FRANCE
T80,S11,9,"PT EVERGLADE, FL",FRANCE
T35,S12,144,"SAVANNAH,GA",BELGIUM
T119,S12,41,"PT CANAVERAL, FL",BELGIUM
T16,S18,464,"ANCHORAGE, AK",RUSSIA
T1,S18,2913,"LOS ANGELES, CA",RUSSIA
T14,S22,2810,"MARTINEZ, CA",ANGOLA
T1,S22,2942,"LOS ANGELES, CA",ANGOLA
T14,S6,3,"MARTINEZ, CA",GHANA
T1,S21,10303,"LOS ANGELES, CA",NIGERIA
T15,S18,747,"ANACORTES, WA",RUSSIA
T28,S70,104,"GUAYANILLA, PR",GREECE
T134,S10,34,"CHARLESTON, WV",SPAIN
T52,S15,624,"CORPUS CHRIS, TX",INDIA
T36,S10,325,"BELLINGHAM, WA",SPAIN
T32,S47,138,"JACKSONVILLE, FL",EGYPT
T41,S18,1639,"NEW ORLEANS, LA",RUSSIA
T44,S18,1936,"RICHMOND, CA",RUSSIA
T44,S4,894,"RICHMOND, CA",SOUTH KOREA
T47,S67,578,"PASCAGOULA, MS",IVORY COAST
T45,S20,6828,"EL SEGUNDO, CA",BRAZIL
T33,S36,1823,"CHARLESTON, SC",NETHERLANDS
T32,S36,2394,"JACKSONVILLE, FL",NETHERLANDS
T32,S44,150,"JACKSONVILLE, FL",TURKEY
T35,S36,1749,"SAVANNAH,GA",NETHERLANDS
T25,S32,360,"GRAMERCY, LA",TRINIDAD AND TOBAGO
T29,S14,494,"PROVIDENCE, RI",NORWAY
T1,S14,73,"LOS ANGELES, CA",NORWAY
T23,S14,219,"PORT ARTHUR, TX",NORWAY
T67,S50,216,"BATON ROUGE, LA",KAZAKHSTAN
T29,S9,3,"PROVIDENCE, RI",GERMANY
T1,S12,721,"LOS ANGELES, CA",BELGIUM
T29,S12,694,"PROVIDENCE, RI",BELGIUM
T29,S13,1071,"PROVIDENCE, RI",UNITED KINGDOM
T27,S48,465,"PONCE, PR",SWEDEN
T27,S31,644,"PONCE, PR",ALGERIA
T76,S71,40,"NAWILIWV-POR, HA",DOMINICAN REPUBLIC
T65,S71,99,"HONOLU/PEARL, HA",DOMINICAN REPUBLIC
T75,S71,77,"HILO, HA",DOMINICAN REPUBLIC
T78,S18,162,"MARCUS HOOK, PA",RUSSIA
T33,S12,108,"CHARLESTON, SC",BELGIUM
T25,S36,826,"GRAMERCY, LA",NETHERLANDS
T24,S50,455,"HOUSTON, TX",KAZAKHSTAN
T94,S47,120,"MORGAN CITY, LA",EGYPT
T93,S63,290,"TEXAS CITY, TX",CAMEROON
T25,S22,1247,"GRAMERCY, LA",ANGOLA
T73,S31,644,"CHESTER, PA",ALGERIA
T98,S31,251,"WILMINGTON, DE",ALGERIA
T120,S18,261,"GALVESTON, TX",RUSSIA
T99,S18,1721,"BEAUMONT, TX",RUSSIA
T41,S72,182,"NEW ORLEANS, LA",OMAN
T23,S72,229,"PORT ARTHUR, TX",OMAN
T41,S36,432,"NEW ORLEANS, LA",NETHERLANDS
T3,S9,26,"PHILADELPHIA, PA",GERMANY
T98,S9,34,"WILMINGTON, DE",GERMANY
T3,S40,1053,"PHILADELPHIA, PA",LIBYA
T3,S50,3181,"PHILADELPHIA, PA",KAZAKHSTAN
T1,S68,28,"LOS ANGELES, CA",THAILAND
T1,S48,737,"LOS ANGELES, CA",SWEDEN
T86,S18,2161,"SANFRANCISCO, CA",RUSSIA
T85,S21,623,"SUMAS, WA",NIGERIA
T86,S21,2755,"SANFRANCISCO, CA",NIGERIA
T86,S50,217,"SANFRANCISCO, CA",KAZAKHSTAN
T54,S3,3882,"LAKE CHARLES, LA",ECUADOR
T1,S33,1313,"LOS ANGELES, CA",CHINA
T24,S63,658,"HOUSTON, TX",CAMEROON
T14,S14,30,"MARTINEZ, CA",NORWAY
T14,S24,88,"MARTINEZ, CA",ITALY
T39,S13,1189,"NEW HAVEN, CT",UNITED KINGDOM
T94,S17,1161,"MORGAN CITY, LA",KUWAIT
T24,S38,47,"HOUSTON, TX",UNITED ARAB EMIRATES
T65,S73,889,"HONOLU/PEARL, HA",HONG KONG
T135,S48,2,"NASHVILLE, TN",SWEDEN
T33,S48,2,"CHARLESTON, SC",SWEDEN
T41,S29,11,"NEW ORLEANS, LA",JAPAN
T24,S33,414,"HOUSTON, TX",CHINA
T25,S48,140,"GRAMERCY, LA",SWEDEN
T23,S10,760,"PORT ARTHUR, TX",SPAIN
T116,S20,2966,"CARQUINEZ ST, CA",BRAZIL
T93,S1,2991,"TEXAS CITY, TX",CANADA
T23,S40,91,"PORT ARTHUR, TX",LIBYA
T25,S40,207,"GRAMERCY, LA",LIBYA
T86,S4,1258,"SANFRANCISCO, CA",SOUTH KOREA
T41,S37,3836,"NEW ORLEANS, LA",IRAQ
T25,S5,998,"GRAMERCY, LA",COLOMBIA
T52,S1,80,"CORPUS CHRIS, TX",CANADA
T136,S18,70,"PORT MANATEE, FL",RUSSIA
T136,S5,22,"PORT MANATEE, FL",COLOMBIA
T136,S1,5,"PORT MANATEE, FL",CANADA
T136,S38,20,"PORT MANATEE, FL",UNITED ARAB EMIRATES
T136,S20,1,"PORT MANATEE, FL",BRAZIL
T137,S21,630,"SAN FRAN INT AP, CA",NIGERIA
T137,S18,495,"SAN FRAN INT AP, CA",RUSSIA
T20,S70,258,"BALTIMORE, MD",GREECE
T87,S70,33,"PORTLAND, ME",GREECE
T108,S70,102,"WILMINGTON, NC",GREECE
T22,S35,722,"NEWARK, NJ",TAIWAN
T24,S19,325,"HOUSTON, TX",LITHUANIA
T32,S1,816,"JACKSONVILLE, FL",CANADA
T1,S9,328,"LOS ANGELES, CA",GERMANY
T22,S54,350,"NEWARK, NJ",DENMARK
T36,S41,164,"BELLINGHAM, WA",FINLAND
T45,S12,325,"EL SEGUNDO, CA",BELGIUM
T80,S10,254,"PT EVERGLADE, FL",SPAIN
T47,S32,3547,"PASCAGOULA, MS",TRINIDAD AND TOBAGO
T47,S21,1945,"PASCAGOULA, MS",NIGERIA
T46,S37,6844,"MOBILE, AL",IRAQ
T45,S24,722,"EL SEGUNDO, CA",ITALY
T47,S13,2455,"PASCAGOULA, MS",UNITED KINGDOM
T47,S47,2053,"PASCAGOULA, MS",EGYPT
T45,S69,196,"EL SEGUNDO, CA",AUSTRALIA
T80,S28,738,"PT EVERGLADE, FL",MEXICO
T52,S32,3289,"CORPUS CHRIS, TX",TRINIDAD AND TOBAGO
T54,S8,663,"LAKE CHARLES, LA",EQUATORIAL GUINEA
T138,S1,73,"BEECHERFALLS,VT",CANADA
T2,S13,71,"PORTLAND, OR",UNITED KINGDOM
T2,S12,212,"PORTLAND, OR",BELGIUM
T29,S23,689,"PROVIDENCE, RI",PORTUGAL
T2,S36,148,"PORTLAND, OR",NETHERLANDS
T53,S23,203,"BOSTON, MA",PORTUGAL
T67,S40,413,"BATON ROUGE, LA",LIBYA
T29,S54,9,"PROVIDENCE, RI",DENMARK
T24,S31,483,"HOUSTON, TX",ALGERIA
T72,S28,130,"CHRISTIANSTD, VI",MEXICO
T80,S50,22,"PT EVERGLADE, FL",KAZAKHSTAN
T98,S20,198,"WILMINGTON, DE",BRAZIL
T72,S10,270,"CHRISTIANSTD, VI",SPAIN
T123,S71,60,"KAHULUI, HA",DOMINICAN REPUBLIC
T56,S18,372,"NEW YORK, NY",RUSSIA
T32,S12,225,"JACKSONVILLE, FL",BELGIUM
T82,S10,66,"ALBANY, NY",SPAIN
T56,S7,79,"NEW YORK, NY",ARGENTINA
T96,S27,1,"OAKLAND, CA",MALAYSIA
T120,S23,27,"GALVESTON, TX",PORTUGAL
T120,S7,45,"GALVESTON, TX",ARGENTINA
T16,S29,521,"ANCHORAGE, AK",JAPAN
T99,S30,343,"BEAUMONT, TX",VENEZUELA
T99,S20,526,"BEAUMONT, TX",BRAZIL
T23,S7,134,"PORT ARTHUR, TX",ARGENTINA
T3,S15,164,"PHILADELPHIA, PA",INDIA
T22,S27,520,"NEWARK, NJ",MALAYSIA
T77,S12,232,"PAULSBORO, NJ",BELGIUM
T77,S13,327,"PAULSBORO, NJ",UNITED KINGDOM
T86,S35,108,"SANFRANCISCO, CA",TAIWAN
T85,S2,372,"SUMAS, WA",SAUDI ARABIA
T104,S18,961,"FREEPORT, TX",RUSSIA
T54,S36,82,"LAKE CHARLES, LA",NETHERLANDS
T77,S36,76,"PAULSBORO, NJ",NETHERLANDS
T86,S5,567,"SANFRANCISCO, CA",COLOMBIA
T14,S74,235,"MARTINEZ, CA",ISRAEL
T65,S75,1419,"HONOLU/PEARL, HA",LIBERIA
T25,S7,1032,"GRAMERCY, LA",ARGENTINA
T22,S76,84,"NEWARK, NJ",SENEGAL
T52,S44,426,"CORPUS CHRIS, TX",TURKEY
T116,S10,212,"CARQUINEZ ST, CA",SPAIN
T122,S1,130,"TAMPA, FL",CANADA
T93,S18,1669,"TEXAS CITY, TX",RUSSIA
T116,S14,331,"CARQUINEZ ST, CA",NORWAY
T93,S21,936,"TEXAS CITY, TX",NIGERIA
T93,S50,147,"TEXAS CITY, TX",KAZAKHSTAN
T119,S24,319,"PT CANAVERAL, FL",ITALY
T39,S44,160,"NEW HAVEN, CT",TURKEY
T29,S11,310,"PROVIDENCE, RI",FRANCE
T22,S44,326,"NEWARK, NJ",TURKEY
T29,S18,310,"PROVIDENCE, RI",RUSSIA
T29,S48,36,"PROVIDENCE, RI",SWEDEN
T36,S29,70,"BELLINGHAM, WA",JAPAN
T36,S22,951,"BELLINGHAM, WA",ANGOLA
T97,S36,80,"LONG BEACH, CA",NETHERLANDS
T44,S21,1588,"RICHMOND, CA",NIGERIA
T46,S13,631,"MOBILE, AL",UNITED KINGDOM
T44,S1,160,"RICHMOND, CA",CANADA
T47,S63,681,"PASCAGOULA, MS",CAMEROON
T52,S22,513,"CORPUS CHRIS, TX",ANGOLA
T54,S21,943,"LAKE CHARLES, LA",NIGERIA
T79,S18,117,"MIAMI, FL",RUSSIA
T87,S18,367,"PORTLAND, ME",RUSSIA
T39,S18,1244,"NEW HAVEN, CT",RUSSIA
T39,S14,137,"NEW HAVEN, CT",NORWAY
T87,S14,69,"PORTLAND, ME",NORWAY
T79,S28,681,"MIAMI, FL",MEXICO
T79,S50,35,"MIAMI, FL",KAZAKHSTAN
T87,S24,52,"PORTLAND, ME",ITALY
T39,S24,77,"NEW HAVEN, CT",ITALY
T72,S46,166,"CHRISTIANSTD, VI",REPUBLIC OF THE CONGO
T79,S5,25,"MIAMI, FL",COLOMBIA
T139,S31,174,"HUMACAO, PR",ALGERIA
T79,S1,132,"MIAMI, FL",CANADA
T46,S2,960,"MOBILE, AL",SAUDI ARABIA
T73,S40,2143,"CHESTER, PA",LIBYA
T98,S40,1757,"WILMINGTON, DE",LIBYA
T99,S22,947,"BEAUMONT, TX",ANGOLA
T129,S44,48,"BRIDGEPORT, CT",TURKEY
T22,S50,476,"NEWARK, NJ",KAZAKHSTAN
T22,S67,346,"NEWARK, NJ",IVORY COAST
T85,S6,1301,"SUMAS, WA",GHANA
T22,S6,3449,"NEWARK, NJ",GHANA
T104,S1,4220,"FREEPORT, TX",CANADA
T24,S32,847,"HOUSTON, TX",TRINIDAD AND TOBAGO
T29,S57,8,"PROVIDENCE, RI",POLAND
T2,S4,89,"PORTLAND, OR",SOUTH KOREA
T15,S74,110,"ANACORTES, WA",ISRAEL
T44,S73,29,"RICHMOND, CA",HONG KONG
T29,S41,24,"PROVIDENCE, RI",FINLAND
T41,S3,189,"NEW ORLEANS, LA",ECUADOR
T140,S1,21,"NORTHGATE, ND",CANADA
T21,S77,35,"SAN JUAN, PR",UKRAINE
T21,S45,320,"SAN JUAN, PR",BAHRAIN
T22,S52,621,"NEWARK, NJ",BELARUS
T74,S29,88,"TACOMA, WA",JAPAN
T141,S1,21,"SHEBOYGAN, WI",CANADA
T93,S19,5,"TEXAS CITY, TX",LITHUANIA
T25,S19,14,"GRAMERCY, LA",LITHUANIA
T116,S50,216,"CARQUINEZ ST, CA",KAZAKHSTAN
T116,S24,126,"CARQUINEZ ST, CA",ITALY
T23,S47,285,"PORT ARTHUR, TX",EGYPT
T25,S47,1238,"GRAMERCY, LA",EGYPT
T93,S20,1013,"TEXAS CITY, TX",BRAZIL
T119,S39,191,"PT CANAVERAL, FL",PERU
T119,S28,348,"PT CANAVERAL, FL",MEXICO
T80,S37,6,"PT EVERGLADE, FL",IRAQ
T122,S12,47,"TAMPA, FL",BELGIUM
T14,S21,2316,"MARTINEZ, CA",NIGERIA
T22,S19,924,"NEWARK, NJ",LITHUANIA
T21,S10,229,"SAN JUAN, PR",SPAIN
T24,S77,22,"HOUSTON, TX",UKRAINE
T27,S41,24,"PONCE, PR",FINLAND
T20,S44,32,"BALTIMORE, MD",TURKEY
T29,S44,88,"PROVIDENCE, RI",TURKEY
T41,S44,330,"NEW ORLEANS, LA",TURKEY
T18,S41,28,"NORFOLK, VA",FINLAND
T18,S10,30,"NORFOLK, VA",SPAIN
T22,S57,9,"NEWARK, NJ",POLAND
T36,S20,1758,"BELLINGHAM, WA",BRAZIL
T36,S18,3346,"BELLINGHAM, WA",RUSSIA
T36,S21,1948,"BELLINGHAM, WA",NIGERIA
T45,S25,156,"EL SEGUNDO, CA",SINGAPORE
T44,S40,207,"RICHMOND, CA",LIBYA
T44,S24,725,"RICHMOND, CA",ITALY
T47,S44,358,"PASCAGOULA, MS",TURKEY
T52,S7,1992,"CORPUS CHRIS, TX",ARGENTINA
T56,S13,1008,"NEW YORK, NY",UNITED KINGDOM
T53,S11,21,"BOSTON, MA",FRANCE
T24,S26,1,"HOUSTON, TX",CHILE
T53,S12,182,"BOSTON, MA",BELGIUM
T53,S14,1,"BOSTON, MA",NORWAY
T27,S46,165,"PONCE, PR",REPUBLIC OF THE CONGO
T48,S19,321,"PERTH AMBOY, NJ",LITHUANIA
T48,S5,52,"PERTH AMBOY, NJ",COLOMBIA
T33,S24,1,"CHARLESTON, SC",ITALY
T25,S37,926,"GRAMERCY, LA",IRAQ
T94,S20,23,"MORGAN CITY, LA",BRAZIL
T16,S33,390,"ANCHORAGE, AK",CHINA
T73,S46,447,"CHESTER, PA",REPUBLIC OF THE CONGO
T98,S46,450,"WILMINGTON, DE",REPUBLIC OF THE CONGO
T30,S12,2,"CHICAGO, IL",BELGIUM
T98,S13,1845,"WILMINGTON, DE",UNITED KINGDOM
T104,S21,460,"FREEPORT, TX",NIGERIA
T104,S3,708,"FREEPORT, TX",ECUADOR
T14,S4,920,"MARTINEZ, CA",SOUTH KOREA
T67,S5,200,"BATON ROUGE, LA",COLOMBIA
T39,S12,303,"NEW HAVEN, CT",BELGIUM
T24,S34,396,"HOUSTON, TX",THE BAHAMAS
T56,S14,736,"NEW YORK, NY",NORWAY
T142,S1,10,"COOS BAY, OR",CANADA
T23,S24,18,"PORT ARTHUR, TX",ITALY
T93,S24,71,"TEXAS CITY, TX",ITALY
T23,S15,655,"PORT ARTHUR, TX",INDIA
T23,S41,33,"PORT ARTHUR, TX",FINLAND
T93,S47,68,"TEXAS CITY, TX",EGYPT
T23,S54,20,"PORT ARTHUR, TX",DENMARK
T25,S44,779,"GRAMERCY, LA",TURKEY
T23,S44,29,"PORT ARTHUR, TX",TURKEY
T93,S44,74,"TEXAS CITY, TX",TURKEY
T23,S48,103,"PORT ARTHUR, TX",SWEDEN
T119,S38,417,"PT CANAVERAL, FL",UNITED ARAB EMIRATES
T130,S18,502,"JUNEAU, AK",RUSSIA
T22,S25,67,"NEWARK, NJ",SINGAPORE
T21,S57,8,"SAN JUAN, PR",POLAND
T27,S44,14,"PONCE, PR",TURKEY
T27,S11,6,"PONCE, PR",FRANCE
T33,S14,227,"CHARLESTON, SC",NORWAY
T33,S18,45,"CHARLESTON, SC",RUSSIA
T25,S67,65,"GRAMERCY, LA",IVORY COAST
T33,S9,40,"CHARLESTON, SC",GERMANY
T20,S13,204,"BALTIMORE, MD",UNITED KINGDOM
T24,S70,73,"HOUSTON, TX",GREECE
T45,S15,1038,"EL SEGUNDO, CA",INDIA
T45,S22,577,"EL SEGUNDO, CA",ANGOLA
T46,S12,135,"MOBILE, AL",BELGIUM
T39,S11,140,"NEW HAVEN, CT",FRANCE
T56,S20,16,"NEW YORK, NY",BRAZIL
T27,S62,251,"PONCE, PR",IRELAND
T80,S20,273,"PT EVERGLADE, FL",BRAZIL
T79,S20,53,"MIAMI, FL",BRAZIL
T73,S10,55,"CHESTER, PA",SPAIN
T48,S35,54,"PERTH AMBOY, NJ",TAIWAN
T48,S4,101,"PERTH AMBOY, NJ",SOUTH KOREA
T48,S29,385,"PERTH AMBOY, NJ",JAPAN
T48,S25,44,"PERTH AMBOY, NJ",SINGAPORE
T48,S22,320,"PERTH AMBOY, NJ",ANGOLA
T82,S12,84,"ALBANY, NY",BELGIUM
T56,S25,2,"NEW YORK, NY",SINGAPORE
T20,S33,24,"BALTIMORE, MD",CHINA
T75,S1,17,"HILO, HA",CANADA
T25,S14,198,"GRAMERCY, LA",NORWAY
T39,S10,384,"NEW HAVEN, CT",SPAIN
T41,S67,237,"NEW ORLEANS, LA",IVORY COAST
T85,S22,1460,"SUMAS, WA",ANGOLA
T104,S20,498,"FREEPORT, TX",BRAZIL
T67,S9,188,"BATON ROUGE, LA",GERMANY
T41,S41,56,"NEW ORLEANS, LA",FINLAND
T67,S41,35,"BATON ROUGE, LA",FINLAND
T67,S10,42,"BATON ROUGE, LA",SPAIN
T56,S36,379,"NEW YORK, NY",NETHERLANDS
T41,S21,947,"NEW ORLEANS, LA",NIGERIA
T65,S54,70,"HONOLU/PEARL, HA",DENMARK
T143,S1,4,"MONTEREY, CA",CANADA
T27,S5,1193,"PONCE, PR",COLOMBIA
T53,S18,67,"BOSTON, MA",RUSSIA
T144,S1,285,"KANSAS CITY, MO",CANADA
T53,S44,60,"BOSTON, MA",TURKEY
T81,S4,63,"BROWNSVILLE, TX",SOUTH KOREA
T23,S78,23,"PORT ARTHUR, TX",JAMAICA
T7,S10,20,"CHAMPL-RS PT, NY",SPAIN
T82,S36,101,"ALBANY, NY",NETHERLANDS
T82,S18,97,"ALBANY, NY",RUSSIA
T119,S9,31,"PT CANAVERAL, FL",GERMANY
T21,S24,82,"SAN JUAN, PR",ITALY
T21,S44,36,"SAN JUAN, PR",TURKEY
T21,S66,5,"SAN JUAN, PR",LATVIA
T20,S48,155,"BALTIMORE, MD",SWEDEN
T87,S48,59,"PORTLAND, ME",SWEDEN
T39,S48,22,"NEW HAVEN, CT",SWEDEN
T40,S9,3,"DETROIT, MI",GERMANY
T44,S22,368,"RICHMOND, CA",ANGOLA
T45,S38,329,"EL SEGUNDO, CA",UNITED ARAB EMIRATES
T23,S11,200,"PORT ARTHUR, TX",FRANCE
T123,S8,56,"KAHULUI, HA",EQUATORIAL GUINEA
T75,S8,56,"HILO, HA",EQUATORIAL GUINEA
T76,S8,52,"NAWILIWV-POR, HA",EQUATORIAL GUINEA
T82,S70,28,"ALBANY, NY",GREECE
T82,S44,80,"ALBANY, NY",TURKEY
T46,S79,67,"MOBILE, AL",CURACAO
T32,S10,33,"JACKSONVILLE, FL",SPAIN
T32,S18,165,"JACKSONVILLE, FL",RUSSIA
T32,S14,71,"JACKSONVILLE, FL",NORWAY
T145,S1,293,"NEW LONDON, CT",CANADA
T96,S35,20,"OAKLAND, CA",TAIWAN
T97,S35,4,"LONG BEACH, CA",TAIWAN
T96,S9,2,"OAKLAND, CA",GERMANY
T73,S13,1026,"CHESTER, PA",UNITED KINGDOM
T81,S7,88,"BROWNSVILLE, TX",ARGENTINA
T3,S28,871,"PHILADELPHIA, PA",MEXICO
T98,S28,824,"WILMINGTON, DE",MEXICO
T146,S1,117,"MACKINAC ISL, MI",CANADA
T54,S13,499,"LAKE CHARLES, LA",UNITED KINGDOM
T22,S28,181,"NEWARK, NJ",MEXICO
T86,S38,697,"SANFRANCISCO, CA",UNITED ARAB EMIRATES
T56,S22,125,"NEW YORK, NY",ANGOLA
T147,S1,1,"ALCAN, AK",CANADA
T23,S13,271,"PORT ARTHUR, TX",UNITED KINGDOM
T86,S39,49,"SANFRANCISCO, CA",PERU
T23,S50,47,"PORT ARTHUR, TX",KAZAKHSTAN
T116,S15,366,"CARQUINEZ ST, CA",INDIA
T25,S70,163,"GRAMERCY, LA",GREECE
T25,S11,94,"GRAMERCY, LA",FRANCE
T25,S52,6,"GRAMERCY, LA",BELARUS
T119,S22,149,"PT CANAVERAL, FL",ANGOLA
T119,S20,22,"PT CANAVERAL, FL",BRAZIL
T136,S78,36,"PORT MANATEE, FL",JAMAICA
T87,S5,511,"PORTLAND, ME",COLOMBIA
T36,S32,761,"BELLINGHAM, WA",TRINIDAD AND TOBAGO
T20,S7,187,"BALTIMORE, MD",ARGENTINA
T45,S18,79,"EL SEGUNDO, CA",RUSSIA
T44,S15,103,"RICHMOND, CA",INDIA
T47,S70,324,"PASCAGOULA, MS",GREECE
T52,S8,663,"CORPUS CHRIS, TX",EQUATORIAL GUINEA
T41,S48,1,"NEW ORLEANS, LA",SWEDEN
T48,S12,4,"PERTH AMBOY, NJ",BELGIUM
T122,S36,321,"TAMPA, FL",NETHERLANDS
T21,S50,12,"SAN JUAN, PR",KAZAKHSTAN
T21,S39,24,"SAN JUAN, PR",PERU
T24,S72,256,"HOUSTON, TX",OMAN
T3,S63,1474,"PHILADELPHIA, PA",CAMEROON
T25,S28,1005,"GRAMERCY, LA",MEXICO
T144,S33,11,"KANSAS CITY, MO",CHINA
T41,S22,374,"NEW ORLEANS, LA",ANGOLA
T24,S47,38,"HOUSTON, TX",EGYPT
T103,S16,1,"ALEX BAY, NY",QATAR
T86,S44,83,"SANFRANCISCO, CA",TURKEY
T2,S23,253,"PORTLAND, OR",PORTUGAL
T86,S36,10,"SANFRANCISCO, CA",NETHERLANDS
T86,S12,109,"SANFRANCISCO, CA",BELGIUM
T24,S57,4,"HOUSTON, TX",POLAND
T41,S57,4,"NEW ORLEANS, LA",POLAND
T24,S78,23,"HOUSTON, TX",JAMAICA
T97,S1,2,"LONG BEACH, CA",CANADA
T116,S44,231,"CARQUINEZ ST, CA",TURKEY
T52,S80,761,"CORPUS CHRIS, TX",JORDAN
T119,S3,320,"PT CANAVERAL, FL",ECUADOR
T119,S71,8,"PT CANAVERAL, FL",DOMINICAN REPUBLIC
T119,S78,37,"PT CANAVERAL, FL",JAMAICA
T21,S21,9,"SAN JUAN, PR",NIGERIA
T20,S5,68,"BALTIMORE, MD",COLOMBIA
T45,S21,339,"EL SEGUNDO, CA",NIGERIA
T47,S28,494,"PASCAGOULA, MS",MEXICO
T35,S19,269,"SAVANNAH,GA",LITHUANIA
T24,S35,1,"HOUSTON, TX",TAIWAN
T53,S10,165,"BOSTON, MA",SPAIN
T14,S11,296,"MARTINEZ, CA",FRANCE
T21,S31,33,"SAN JUAN, PR",ALGERIA
T87,S10,35,"PORTLAND, ME",SPAIN
T87,S13,43,"PORTLAND, ME",UNITED KINGDOM
T72,S34,151,"CHRISTIANSTD, VI",THE BAHAMAS
T48,S23,97,"PERTH AMBOY, NJ",PORTUGAL
T72,S62,320,"CHRISTIANSTD, VI",IRELAND
T72,S26,106,"CHRISTIANSTD, VI",CHILE
T72,S20,654,"CHRISTIANSTD, VI",BRAZIL
T56,S34,60,"NEW YORK, NY",THE BAHAMAS
T56,S28,135,"NEW YORK, NY",MEXICO
T21,S78,29,"SAN JUAN, PR",JAMAICA
T41,S60,41,"NEW ORLEANS, LA",SOUTH SUDAN
T98,S47,39,"WILMINGTON, DE",EGYPT
T3,S47,26,"PHILADELPHIA, PA",EGYPT
T98,S81,18,"WILMINGTON, DE",DEMOCRATIC REPUBLIC OF THE CONGO
T44,S20,79,"RICHMOND, CA",BRAZIL
T22,S46,52,"NEWARK, NJ",REPUBLIC OF THE CONGO
T90,S46,224,"PORTSMOUTH, NH",REPUBLIC OF THE CONGO
T67,S54,83,"BATON ROUGE, LA",DENMARK
T82,S15,80,"ALBANY, NY",INDIA
T56,S62,34,"NEW YORK, NY",IRELAND
T27,S12,75,"PONCE, PR",BELGIUM
T53,S5,48,"BOSTON, MA",COLOMBIA
T116,S48,279,"CARQUINEZ ST, CA",SWEDEN
T99,S28,2780,"BEAUMONT, TX",MEXICO
T97,S28,149,"LONG BEACH, CA",MEXICO
T52,S17,344,"CORPUS CHRIS, TX",KUWAIT
T97,S3,1074,"LONG BEACH, CA",ECUADOR
T119,S37,239,"PT CANAVERAL, FL",IRAQ
